{
  "timestamp": "2025-11-10 15:47:05",
  "model": "quamba-130m-w8a8",
  "pretrained_dir": "pretrained_models/Quamba1-pa9999/pa-0.9999",
  "seq_len": 512,
  "modes": {
    "fp32": {
      "input": {
        "shape": [
          1,
          171,
          768
        ],
        "first_10": [
          -0.2484130859375,
          -0.060211181640625,
          -0.20556640625,
          -0.08795166015625,
          0.459228515625,
          0.479248046875,
          0.27099609375,
          0.2073974609375,
          0.2281494140625,
          0.336181640625
        ],
        "mean": -0.003271026536822319,
        "std": 0.31696322560310364,
        "min": -1.578125,
        "max": 2.298828125
      },
      "output": {
        "shape": [
          1,
          171,
          768
        ],
        "first_10": [
          -0.0232696533203125,
          0.338134765625,
          0.437744140625,
          -0.1405029296875,
          -0.33447265625,
          -0.57666015625,
          -0.40380859375,
          -0.0207977294921875,
          -0.4326171875,
          -0.08770751953125
        ],
        "mean": 0.003131578676402569,
        "std": 0.35167449712753296,
        "min": -1.9599609375,
        "max": 1.916015625
      }
    },
    "0": {
      "input": {
        "shape": [
          1,
          171,
          768
        ],
        "first_10": [
          -0.2484130859375,
          -0.060211181640625,
          -0.20556640625,
          -0.08795166015625,
          0.459228515625,
          0.479248046875,
          0.27099609375,
          0.2073974609375,
          0.2281494140625,
          0.336181640625
        ],
        "mean": -0.003271026536822319,
        "std": 0.31696322560310364,
        "min": -1.578125,
        "max": 2.298828125
      },
      "output": {
        "shape": [
          1,
          171,
          768
        ],
        "first_10": [
          -0.0232696533203125,
          0.338134765625,
          0.437744140625,
          -0.1405029296875,
          -0.33447265625,
          -0.57666015625,
          -0.40380859375,
          -0.0207977294921875,
          -0.4326171875,
          -0.08770751953125
        ],
        "mean": 0.003131578676402569,
        "std": 0.35167449712753296,
        "min": -1.9599609375,
        "max": 1.916015625
      }
    },
    "2-0": {
      "input": {
        "shape": [
          1,
          171,
          768
        ],
        "first_10": [
          -0.2484130859375,
          -0.060211181640625,
          -0.20556640625,
          -0.08795166015625,
          0.459228515625,
          0.479248046875,
          0.27099609375,
          0.2073974609375,
          0.2281494140625,
          0.336181640625
        ],
        "mean": -0.003271026536822319,
        "std": 0.31696322560310364,
        "min": -1.578125,
        "max": 2.298828125
      },
      "output": {
        "shape": [
          1,
          171,
          768
        ],
        "first_10": [
          -0.0232696533203125,
          0.338134765625,
          0.437744140625,
          -0.1405029296875,
          -0.33447265625,
          -0.57666015625,
          -0.40380859375,
          -0.0207977294921875,
          -0.4326171875,
          -0.08770751953125
        ],
        "mean": 0.003131578676402569,
        "std": 0.35167449712753296,
        "min": -1.9599609375,
        "max": 1.916015625
      }
    },
    "2-1": {
      "input": {
        "shape": [
          1,
          171,
          768
        ],
        "first_10": [
          -0.2484130859375,
          -0.060211181640625,
          -0.20556640625,
          -0.08795166015625,
          0.459228515625,
          0.479248046875,
          0.27099609375,
          0.2073974609375,
          0.2281494140625,
          0.336181640625
        ],
        "mean": -0.003271026536822319,
        "std": 0.31696322560310364,
        "min": -1.578125,
        "max": 2.298828125
      },
      "output": {
        "shape": [
          1,
          171,
          768
        ],
        "first_10": [
          -0.0232696533203125,
          0.338134765625,
          0.437744140625,
          -0.1405029296875,
          -0.33447265625,
          -0.57666015625,
          -0.40380859375,
          -0.0207977294921875,
          -0.4326171875,
          -0.08770751953125
        ],
        "mean": 0.0031316294334828854,
        "std": 0.3516755700111389,
        "min": -1.9599609375,
        "max": 1.916015625
      }
    },
    "2-2": {
      "input": {
        "shape": [
          1,
          171,
          768
        ],
        "first_10": [
          -0.2484130859375,
          -0.060211181640625,
          -0.20556640625,
          -0.08795166015625,
          0.459228515625,
          0.479248046875,
          0.27099609375,
          0.2073974609375,
          0.2281494140625,
          0.336181640625
        ],
        "mean": -0.003271026536822319,
        "std": 0.31696322560310364,
        "min": -1.578125,
        "max": 2.298828125
      },
      "output": {
        "shape": [
          1,
          171,
          768
        ],
        "first_10": [
          -0.0232696533203125,
          0.338134765625,
          0.437744140625,
          -0.1405029296875,
          -0.33447265625,
          -0.57666015625,
          -0.40380859375,
          -0.0207977294921875,
          -0.4326171875,
          -0.08770751953125
        ],
        "mean": 0.0031316294334828854,
        "std": 0.3516755700111389,
        "min": -1.9599609375,
        "max": 1.916015625
      }
    },
    "2-3": {
      "input": {
        "shape": [
          1,
          171,
          768
        ],
        "first_10": [
          -0.2484130859375,
          -0.060211181640625,
          -0.20556640625,
          -0.08795166015625,
          0.459228515625,
          0.479248046875,
          0.27099609375,
          0.2073974609375,
          0.2281494140625,
          0.336181640625
        ],
        "mean": -0.003271026536822319,
        "std": 0.31696322560310364,
        "min": -1.578125,
        "max": 2.298828125
      },
      "output": {
        "shape": [
          1,
          171,
          768
        ],
        "first_10": [
          -0.0232696533203125,
          0.338134765625,
          0.437744140625,
          -0.1405029296875,
          -0.33447265625,
          -0.57666015625,
          -0.40380859375,
          -0.0207977294921875,
          -0.4326171875,
          -0.08770751953125
        ],
        "mean": 0.0031316294334828854,
        "std": 0.3516755700111389,
        "min": -1.9599609375,
        "max": 1.916015625
      }
    },
    "2-4": {
      "input": {
        "shape": [
          1,
          171,
          768
        ],
        "first_10": [
          -0.2484130859375,
          -0.060211181640625,
          -0.20556640625,
          -0.08795166015625,
          0.459228515625,
          0.479248046875,
          0.27099609375,
          0.2073974609375,
          0.2281494140625,
          0.336181640625
        ],
        "mean": -0.003271026536822319,
        "std": 0.31696322560310364,
        "min": -1.578125,
        "max": 2.298828125
      },
      "output": {
        "shape": [
          1,
          171,
          768
        ],
        "first_10": [
          -0.0232696533203125,
          0.338134765625,
          0.437744140625,
          -0.1405029296875,
          -0.33447265625,
          -0.57666015625,
          -0.40380859375,
          -0.0207977294921875,
          -0.4326171875,
          -0.08770751953125
        ],
        "mean": 0.0031316294334828854,
        "std": 0.3516755700111389,
        "min": -1.9599609375,
        "max": 1.916015625
      }
    },
    "3": {
      "input": {
        "shape": [
          1,
          171,
          768
        ],